{"cameraMode":{"drawMode":0,"name":"Shaded","section":"Shading Mode"},"sceneLighting":false,"audioPlay":false,"sceneViewState":{"showFog":true,"showMaterialUpdate":false,"showSkybox":false,"showFlares":true,"showImageEffects":true,"showParticleSystems":true,"showVisualEffectGraphs":true,"m_FxEnabled":true},"in2DMode":false,"pivot":{"x":0.05342505872249603,"y":0.4541589021682739,"z":0.06292492151260376},"rotation":{"x":0.07032979279756546,"y":0.05623142793774605,"z":-0.0039754593744874,"w":0.9959527850151062},"size":1.5619103908538819,"orthographic":false}