{"cameraMode":{"drawMode":0,"name":"Shaded","section":"Shading Mode"},"sceneLighting":true,"audioPlay":false,"sceneViewState":{"showFog":true,"showMaterialUpdate":false,"showSkybox":true,"showFlares":true,"showImageEffects":true,"showParticleSystems":true,"showVisualEffectGraphs":true,"m_FxEnabled":true},"in2DMode":false,"pivot":{"x":0.3493155837059021,"y":0.35143721103668215,"z":-0.5282872915267944},"rotation":{"x":-0.10471104830503464,"y":0.8945215344429016,"z":-0.2870338559150696,"w":-0.32632920145988467},"size":0.598957896232605,"orthographic":false}