{"cameraMode":{"drawMode":0,"name":"Shaded","section":"Shading Mode"},"sceneLighting":true,"audioPlay":false,"sceneViewState":{"showFog":true,"showMaterialUpdate":false,"showSkybox":true,"showFlares":true,"showImageEffects":true,"showParticleSystems":true,"showVisualEffectGraphs":true,"m_FxEnabled":true},"in2DMode":false,"pivot":{"x":221.20274353027345,"y":63.685951232910159,"z":80.91795349121094},"rotation":{"x":0.3366895020008087,"y":-0.14940109848976136,"z":0.05418902263045311,"w":0.9281231164932251},"size":116.28546142578125,"orthographic":false}