{"cameraMode":{"drawMode":0,"name":"Shaded","section":"Shading Mode"},"sceneLighting":true,"audioPlay":false,"sceneViewState":{"showFog":true,"showMaterialUpdate":false,"showSkybox":true,"showFlares":true,"showImageEffects":true,"showParticleSystems":true,"showVisualEffectGraphs":true,"m_FxEnabled":true},"in2DMode":false,"pivot":{"x":-0.17860063910484315,"y":0.3483976423740387,"z":0.07504361867904663},"rotation":{"x":0.04798116162419319,"y":0.0008991954382508993,"z":-0.00005237486038822681,"w":0.9988623261451721},"size":0.6619102954864502,"orthographic":false}