{"cameraMode":{"drawMode":0,"name":"Shaded","section":"Shading Mode"},"sceneLighting":true,"audioPlay":false,"sceneViewState":{"showFog":true,"showMaterialUpdate":false,"showSkybox":true,"showFlares":true,"showImageEffects":true,"showParticleSystems":true,"showVisualEffectGraphs":true,"m_FxEnabled":true},"in2DMode":false,"pivot":{"x":-12.70029354095459,"y":-24.782489776611329,"z":-4.6538190841674809},"rotation":{"x":0.27681776881217959,"y":-0.7217557430267334,"z":0.42094945907592776,"w":0.47462183237075808},"size":15.262687683105469,"orthographic":false}