{"cameraMode":{"drawMode":0,"name":"Shaded","section":"Shading Mode"},"sceneLighting":true,"audioPlay":false,"sceneViewState":{"showFog":true,"showMaterialUpdate":false,"showSkybox":true,"showFlares":true,"showImageEffects":true,"showParticleSystems":true,"showVisualEffectGraphs":true,"m_FxEnabled":true},"in2DMode":false,"pivot":{"x":-0.09226517379283905,"y":0.018851682543754579,"z":-0.3097110092639923},"rotation":{"x":0.3661603033542633,"y":0.06691522151231766,"z":-0.02640945091843605,"w":0.9277744889259338},"size":0.40648704767227175,"orthographic":false}