{"cameraMode":{"drawMode":0,"name":"Shaded","section":"Shading Mode"},"sceneLighting":true,"audioPlay":false,"sceneViewState":{"showFog":true,"showMaterialUpdate":false,"showSkybox":true,"showFlares":true,"showImageEffects":true,"showParticleSystems":true,"showVisualEffectGraphs":true,"m_FxEnabled":true},"in2DMode":false,"pivot":{"x":183.47769165039063,"y":-274.0557861328125,"z":118.32327270507813},"rotation":{"x":0.38980528712272646,"y":-0.5976768732070923,"z":0.41021060943603518,"w":0.5679476261138916},"size":250.25611877441407,"orthographic":false}