{"cameraMode":{"drawMode":0,"name":"Shaded","section":"Shading Mode"},"sceneLighting":true,"audioPlay":false,"sceneViewState":{"showFog":true,"showMaterialUpdate":false,"showSkybox":true,"showFlares":true,"showImageEffects":true,"showParticleSystems":true,"showVisualEffectGraphs":true,"m_FxEnabled":true},"in2DMode":false,"pivot":{"x":-0.39385557174682619,"y":-1.1434141397476197,"z":-0.06195107847452164},"rotation":{"x":0.40989530086517336,"y":0.5788764357566834,"z":-0.41809093952178957,"w":0.5675293803215027},"size":3.10622239112854,"orthographic":false}