{"cameraMode":{"drawMode":0,"name":"Shaded","section":"Shading Mode"},"sceneLighting":false,"audioPlay":false,"sceneViewState":{"showFog":true,"showMaterialUpdate":false,"showSkybox":false,"showFlares":true,"showImageEffects":true,"showParticleSystems":true,"showVisualEffectGraphs":true,"m_FxEnabled":true},"in2DMode":false,"pivot":{"x":-0.7860783934593201,"y":-0.18762966990470887,"z":0.08667713403701782},"rotation":{"x":0.051015861332416537,"y":-0.6880151629447937,"z":0.0485740527510643,"w":0.7222884297370911},"size":0.8380898833274841,"orthographic":false}